ndatasets,accuracy,precision,#Total-TP,#Total-GT,#Total-FP
1,0.7920289855072463,0.09935112532693623,40,50,398
2,0.6118357487922705,0.3645833333333333,31,50,57
