ndatasets,accuracy,precision,#Total-TP,#Total-GT,#Total-FP
1,0.8565217391304348,0.09104512784258278,43,50,468
2,0.6929951690821256,0.2595588235294118,35,50,146
