ndatasets,accuracy,precision,#Total-TP,#Total-GT,#Total-FP
1,0.8710144927536233,0.05749958164109844,44,50,803
2,0.8487922705314009,0.15362224157955864,43,50,298
