ndatasets,accuracy,precision,#Total-TP,#Total-GT,#Total-FP
1,0.8710144927536233,0.06977691744046884,44,50,628
2,0.7719806763285023,0.2226597160603372,39,50,178
