ndatasets,accuracy,precision,#Total-TP,#Total-GT,#Total-FP
1,0.8142512077294687,0.13060515873015874,41,50,283
2,0.5840579710144927,0.382199294762962,30,50,52
