ndatasets,accuracy,precision,#Total-TP,#Total-GT,#Total-FP
1,0.8710144927536233,0.06622620716737046,44,50,681
2,0.7775362318840581,0.15048117665863447,39,50,245
