ndatasets,accuracy,precision,#Total-TP,#Total-GT,#Total-FP
1,0.8487922705314009,0.06649052449477078,43,50,679
2,0.7775362318840581,0.1893068617206548,39,50,230
