ndatasets,accuracy,precision,#Total-TP,#Total-GT,#Total-FP
1,0.8487922705314009,0.0891559863943933,43,50,572
2,0.626328502415459,0.3670454545454545,32,50,58
