ndatasets,accuracy,precision,#Total-TP,#Total-GT,#Total-FP
1,0.8710144927536233,0.0754654021707322,44,50,585
2,0.626328502415459,0.33747186796699175,32,50,62
