ndatasets,accuracy,precision,#Total-TP,#Total-GT,#Total-FP
1,0.8710144927536233,0.07517497991475687,44,50,628
2,0.7497584541062802,0.2510228139518757,38,50,161
