ndatasets,accuracy,precision,#Total-TP,#Total-GT,#Total-FP
1,0.7654589371980677,0.0713167681730556,40,50,667
2,0.1669082125603865,0.6150793650793651,9,50,11
