ndatasets,accuracy,precision,#Total-TP,#Total-GT,#Total-FP
1,0.8432367149758454,0.06288540397619931,43,50,724
2,0.1669082125603865,0.7380952380952381,9,50,3
