ndatasets,accuracy,precision,#Total-TP,#Total-GT,#Total-FP
1,0.7509661835748793,0.08330627442437595,39,50,604
2,0.09444444444444444,0.5833333333333334,4,50,4
