ndatasets,accuracy,precision,#Total-TP,#Total-GT,#Total-FP
1,0.7509661835748793,0.10259601791041954,39,50,563
2,0.1758454106280193,0.5833333333333334,10,50,2
