ndatasets,accuracy,precision,#Total-TP,#Total-GT,#Total-FP
1,0.8065217391304348,0.05829307033350417,41,50,763
2,0.12222222222222223,0.4761904761904762,5,50,7
