ndatasets,accuracy,precision,#Total-TP,#Total-GT,#Total-FP
1,0.26038647342995164,0.09415989053607692,14,50,148
2,0.15241545893719807,0.611111111111111,8,50,7
