ndatasets,accuracy,precision,#Total-TP,#Total-GT,#Total-FP
1,0.25362318840579706,0.19543010752688172,13,50,74
2,0.07222222222222223,0.3666666666666667,3,50,11
