ndatasets,accuracy,precision,#Total-TP,#Total-GT,#Total-FP
1,0.8432367149758454,0.037911504804787305,43,50,1137
2,0.6864734299516909,0.2664189886480908,36,50,113
