ndatasets,accuracy,precision,#Total-TP,#Total-GT,#Total-FP
1,0.28140096618357485,0.08085585585585585,14,50,177
2,0.049999999999999996,0.07326007326007326,2,50,21
