ndatasets,accuracy,precision,#Total-TP,#Total-GT,#Total-FP
1,0.8432367149758454,0.05535399260528221,43,50,820
2,0.17246376811594202,0.39351851851851855,9,50,20
