ndatasets,accuracy,precision,#Total-TP,#Total-GT,#Total-FP
1,0.8355072463768116,0.2988173046996576,43,50,120
2,0.778743961352657,0.4854406130268199,40,50,50
