ndatasets,accuracy,precision,#Total-TP,#Total-GT,#Total-FP
1,0.8577294685990339,0.37975060089003115,44,50,79
2,0.6565217391304348,0.7428465254552211,35,50,10
