ndatasets,accuracy,precision,#Total-TP,#Total-GT,#Total-FP
1,0.8355072463768116,0.34229390681003585,43,50,90
2,0.6565217391304348,0.7666666666666666,35,50,10
