ndatasets,accuracy,precision,#Total-TP,#Total-GT,#Total-FP
1,0.8577294685990339,0.29180079992195884,44,50,110
2,0.7198067632850241,0.6177832919768403,37,50,30
