ndatasets,accuracy,precision,#Total-TP,#Total-GT,#Total-FP
1,0.8210144927536231,0.3784313725490196,42,50,73
2,0.577536231884058,0.7805194805194806,31,50,7
