ndatasets,accuracy,precision,#Total-TP,#Total-GT,#Total-FP
1,0.8077294685990338,0.35626780626780635,42,50,100
2,0.6275362318840579,0.7387057387057386,33,50,10
