ndatasets,accuracy,precision,#Total-TP,#Total-GT,#Total-FP
1,0.8577294685990339,0.3194444444444444,44,50,97
2,0.7420289855072464,0.5866666666666666,38,50,32
