ndatasets,accuracy,precision,#Total-TP,#Total-GT,#Total-FP
1,0.8577294685990339,0.3137824235385211,44,50,117
2,0.6630434782608696,0.5704545454545454,34,50,33
