ndatasets,accuracy,precision,#Total-TP,#Total-GT,#Total-FP
1,0.8577294685990339,0.32934995112414467,44,50,115
2,0.778743961352657,0.49415204678362573,40,50,44
