ndatasets,accuracy,precision,#Total-TP,#Total-GT,#Total-FP
1,0.8577294685990339,0.3239014295669067,44,50,102
2,0.8355072463768116,0.48148148148148145,43,50,47
