ndatasets,accuracy,precision,#Total-TP,#Total-GT,#Total-FP
1,0.6398550724637682,0.183281926889982,34,50,274
2,0.4328502415458937,0.47979797979797983,23,50,38
