ndatasets,accuracy,precision,#Total-TP,#Total-GT,#Total-FP
1,0.5473429951690821,0.18115090130825343,28,50,184
2,0.33260869565217394,0.5722222222222222,17,50,19
