ndatasets,accuracy,precision,#Total-TP,#Total-GT,#Total-FP
1,0.6620772946859903,0.1111468608441641,35,50,356
2,0.547584541062802,0.3812524946954896,30,50,63
