ndatasets,accuracy,precision,#Total-TP,#Total-GT,#Total-FP
1,0.6342995169082125,0.16598410702946448,34,50,362
2,0.2971014492753623,0.4305555555555555,16,50,31
