ndatasets,accuracy,precision,#Total-TP,#Total-GT,#Total-FP
1,0.6475845410628019,0.12035742035742036,34,50,281
2,0.36932367149758455,0.5064102564102564,19,50,29
