ndatasets,accuracy,precision,#Total-TP,#Total-GT,#Total-FP
1,0.6475845410628019,0.1624126013823964,34,50,190
2,0.5106280193236715,0.4588744588744589,26,50,39
