ndatasets,accuracy,precision,#Total-TP,#Total-GT,#Total-FP
1,0.4260869565217391,0.175752508361204,22,50,153
2,0.15917874396135265,0.6538461538461539,9,50,9
