ndatasets,accuracy,precision,#Total-TP,#Total-GT,#Total-FP
1,0.5620772946859903,0.1787716955941255,31,50,267
2,0.2159420289855072,0.7666666666666666,12,50,4
