ndatasets,accuracy,precision,#Total-TP,#Total-GT,#Total-FP
1,0.5106280193236715,0.2847867217062264,26,50,79
2,0.2159420289855072,0.7777777777777777,12,50,2
