ndatasets,accuracy,precision,#Total-TP,#Total-GT,#Total-FP
1,0.6475845410628019,0.15912401165210152,34,50,185
2,0.2159420289855072,0.7962962962962963,12,50,3
