#FusionName	JunctionReadCount	SpanningFragCount	SpliceType	LeftGene	LeftBreakpoint	RightGene	RightBreakpoint	JunctionReads	SpanningFrags	LargeAnchorSupport	FFPM	LeftBreakDinuc	LeftBreakEntropy	RightBreakDinuc	RightBreakEntropy	annots
RTRAF--SLC25A21	36	8	ONLY_REF_SPLICE	RTRAF^ENSG00000087302.9	chr14:52001866:+	SLC25A21^ENSG00000183032.11	chr14:36711482:-	SRR6756019.15684670,SRR6756019.15684681,SRR6756019.15684686,SRR6756019.15684696,SRR6756019.15684709,SRR6756019.15780587,SRR6756019.15684678,SRR6756019.15780579,SRR6756019.15684699,SRR6756019.15684685,SRR6756019.15780641,SRR6756019.15780699,SRR6756019.15684668,SRR6756019.15780580,SRR6756019.15684706,SRR6756019.15684700,SRR6756019.15684683,SRR6756019.15780675,SRR6756019.15780637,SRR6756019.15780642,SRR6756019.15684708,SRR6756019.15780683,SRR6756019.15780651,SRR6756019.15780718,SRR6756019.15684675,SRR6756019.15684702,SRR6756019.15780690,SRR6756019.15684682,SRR6756019.15684684,SRR6756019.15780630,SRR6756019.15780628,SRR6756019.15684688,SRR6756019.15684692,SRR6756019.15684707,SRR6756019.15780643,SRR6756019.15684676	SRR6756019.56653514,SRR6756019.56989507,SRR6756019.55449438,SRR6756019.59396787,SRR6756019.58773389,SRR6756019.59003861,SRR6756019.58941040,SRR6756019.58597169	YES_LDAS	0.7399	GT	1.4256	AG	1.8892	["INTRACHROMOSOMAL[chr14:14.82Mb]"]
LDLR--RPL31P11	22	3	INCL_NON_REF_SPLICE	LDLR^ENSG00000130164.13	chr19:11113762:+	RPL31P11^ENSG00000213075.7	chr1:161685210:-	SRR6756019.19571680,SRR6756019.19571713,SRR6756019.19571682,SRR6756019.3102087,SRR6756019.3102103,SRR6756019.3102133,SRR6756019.3102102,SRR6756019.3102130,SRR6756019.19571651,SRR6756019.3102097,SRR6756019.19571650,SRR6756019.3102098,SRR6756019.3102099,SRR6756019.55990001,SRR6756019.19571689,SRR6756019.3102115,SRR6756019.3102088,SRR6756019.3102091,SRR6756019.3102127,SRR6756019.3102117,SRR6756019.19571739,SRR6756019.19571681	SRR6756019.57935213,SRR6756019.57742226,SRR6756019.57812048	YES_LDAS	0.4203	GT	1.9086	AG	1.9086	["CCLE_StarF2019","INTERCHROMOSOMAL[chr19--chr1]"]
UBE2L3--KRAS	7	2	ONLY_REF_SPLICE	UBE2L3^ENSG00000185651.14	chr22:21611043:+	KRAS^ENSG00000133703.11	chr12:25245395:-	SRR6756019.14210520,SRR6756019.22729468,SRR6756019.14210517,SRR6756019.22729494,SRR6756019.22729491,SRR6756019.22729504,SRR6756019.14210515	SRR6756019.58244397,SRR6756019.59080356	YES_LDAS	0.1513	GT	1.4295	AG	1.9656	["Klijn_CellLines","ChimerKB","Cosmic","ChimerPub","CCLE_StarF2019","INTERCHROMOSOMAL[chr22--chr12]"]
