#FusionName	JunctionReadCount	SpanningFragCount	SpliceType	LeftGene	LeftBreakpoint	RightGene	RightBreakpoint	JunctionReads	SpanningFrags	LargeAnchorSupport	FFPM	LeftBreakDinuc	LeftBreakEntropy	RightBreakDinuc	RightBreakEntropy	annots
GAS6--RASA3	28	11	ONLY_REF_SPLICE	GAS6^ENSG00000183087.15	chr13:113826996:-	RASA3^ENSG00000185989.11	chr13:113981858:-	SRR6755968.20326825,SRR6755968.20326813,SRR6755968.20326809,SRR6755968.20326832,SRR6755968.20326852,SRR6755968.20310258,SRR6755968.20308130,SRR6755968.20326797,SRR6755968.20308233,SRR6755968.20308775,SRR6755968.20308003,SRR6755968.20308281,SRR6755968.20326850,SRR6755968.20308686,SRR6755968.20307994,SRR6755968.20308056,SRR6755968.20326865,SRR6755968.20326798,SRR6755968.20308154,SRR6755968.20308416,SRR6755968.20308128,SRR6755968.20326814,SRR6755968.20309677,SRR6755968.20308055,SRR6755968.20308336,SRR6755968.20308186,SRR6755968.20326828,SRR6755968.20308017	SRR6755968.89103965,SRR6755968.92242337,SRR6755968.89616249,SRR6755968.92243839,SRR6755968.91585828,SRR6755968.88669420,SRR6755968.93047106,SRR6755968.93373373,SRR6755968.88064042,SRR6755968.89628714,SRR6755968.94146027	YES_LDAS	0.4138	GT	1.9086	AG	1.8295	["TCGA_StarF2019","CCLE_StarF2019","INTRACHROMOSOMAL[chr13:0.11Mb]"]
MGAT5--IGL@-ext	10	0	INCL_NON_REF_SPLICE	MGAT5^ENSG00000152127.9	chr2:134120291:+	IGL@-ext^IGL.g@-ext	chr22:22922722:+	SRR6755968.29249667,SRR6755968.29249491,SRR6755968.29249980,SRR6755968.29249659,SRR6755968.29250495,SRR6755968.29249852,SRR6755968.29249827,SRR6755968.29249890,SRR6755968.29250525,SRR6755968.29249992	.	YES_LDAS	0.1061	GT	1.8256	AG	1.7819	["INTERCHROMOSOMAL[chr2--chr22]"]
