#FusionName	JunctionReadCount	SpanningFragCount	SpliceType	LeftGene	LeftBreakpoint	RightGene	RightBreakpoint	JunctionReads	SpanningFrags	LargeAnchorSupport	FFPM	LeftBreakDinuc	LeftBreakEntropy	RightBreakDinuc	RightBreakEntropy	annots
MTMR3--APOH	29	0	INCL_NON_REF_SPLICE	MTMR3^ENSG00000100330.15	chr22:29883359:+	APOH^ENSG00000091583.11	chr17:66256527:-	SRR6756011.43276996,SRR6756011.43276962,SRR6756011.43276997,SRR6756011.43276986,SRR6756011.43277000,SRR6756011.43277029,SRR6756011.51369353,SRR6756011.43276992,SRR6756011.43277004,SRR6756011.43276949,SRR6756011.43276948,SRR6756011.43277012,SRR6756011.43277008,SRR6756011.43276961,SRR6756011.43277007,SRR6756011.43276947,SRR6756011.43276959,SRR6756011.43276983,SRR6756011.43276965,SRR6756011.43276990,SRR6756011.43276979,SRR6756011.51369362,SRR6756011.43276984,SRR6756011.43276999,SRR6756011.43276953,SRR6756011.43276988,SRR6756011.43276960,SRR6756011.43276995,SRR6756011.43276985	.	YES_LDAS	0.2407	GT	1.8062	AG	1.8892	["CCLE_StarF2019","ChimerSeq","INTERCHROMOSOMAL[chr22--chr17]"]
MTMR3--APOH	17	0	ONLY_REF_SPLICE	MTMR3^ENSG00000100330.15	chr22:29883359:+	APOH^ENSG00000091583.11	chr17:66229422:-	SRR6756011.43276434,SRR6756011.43276442,SRR6756011.43276441,SRR6756011.43276453,SRR6756011.43276435,SRR6756011.43276445,SRR6756011.43276467,SRR6756011.43276438,SRR6756011.43276457,SRR6756011.43276455,SRR6756011.43276437,SRR6756011.43276476,SRR6756011.51369355,SRR6756011.43276464,SRR6756011.43276454,SRR6756011.51369359,SRR6756011.43276461	.	YES_LDAS	0.1411	GT	1.8062	AG	1.6895	["CCLE_StarF2019","ChimerSeq","INTERCHROMOSOMAL[chr22--chr17]"]
